<?xml version="1.0" encoding="utf-8"?>
<ApplicationInstallerManifest>
   <DefaultInstallationDirectory>/Applications/BPC/</DefaultInstallationDirectory>
   <ApplicationName>BPC</ApplicationName>
   <ExecutableName>application/BPC.exe</ExecutableName>
   <GUID>06d0e99e-2b8b-4f27-8ba8-7759fc1a5ba0</GUID>
   <ApplicationIcon>icon_48.png</ApplicationIcon>
   <Logo>logo5685822342055166461.tmp</Logo>
   <Version>1.0</Version>
   <InstallationNotes>In the following directions, replace MR by the directory where MATLAB or the MATLAB Runtime is installed on the target machine.

If the environment variable DYLD_LIBRARY_PATH is undefined, set it to the following string:

MR/v93/runtime/maci64:MR/v93/sys/os/maci64:MR/v93/bin/maci64

If it is defined, set it to the following:

${DYLD_LIBRARY_PATH}:MR/v93/runtime/maci64:MR/v93/sys/os/maci64:MR/v93/bin/maci64</InstallationNotes>
   <AuthorOrganization>University of Michigan</AuthorOrganization>
   <Summary>Standalone version of the MATLAB scripts for inferring PMEs and calculating BPC.</Summary>
   <WelcomePanelText>BPC 1.0
Standalone version of the MATLAB scripts for inferring PMEs and calculating BPC.

See Introduction_README.pdf for discussion of which MATLAB toolboxes are necessary to run the scripts.

Alexander Tye
alextye@umich.edu</WelcomePanelText>
   <MCRProducts>
      <MCRProduct>
         <ExternalProductIdentifier>35000</ExternalProductIdentifier>
      </MCRProduct>
      <MCRProduct>
         <ExternalProductIdentifier>35001</ExternalProductIdentifier>
      </MCRProduct>
      <MCRProduct>
         <ExternalProductIdentifier>35010</ExternalProductIdentifier>
      </MCRProduct>
   </MCRProducts>
</ApplicationInstallerManifest>